{
    "Idioms":[
        {"word":"bundle of nerves", "hint":"anxious"},
        {"word":"ducks and drakes", "hint":"carelessly misuse one's wealth"},
        {"word":"chink in the armor", "hint":"a vulnerable area"},
        {"word":"red flag", "hint":"requiring attention, alarming"},
        {"word":"goody two shoes", "hint":"too virtuous"},
        {"word":"raze to the ground", "hint":"destroy or demolish"},
        {"word":"hold all the aces", "hint":"be in a winning position"},
        {"word":"alter ego", "hint":"a second self"},
        {"word":"plain as day", "hint":"easy and clear to understand"},
        {"word":"lose your marbles", "hint":"strange behaviours"},
        {"word":"give it a whirl", "hint":"try something new"},
        {"word":"short fuse", "hint":"to get angry quickly"},
        {"word":"right as rain", "hint":"everything is satisfactory"},
        {"word":"keep your pants on", "hint":"telling someone to be calm"},
        {"word":"cool your jets", "hint":"to calm down"},
        {"word":"cool as a cucumber", "hint":"very relaxed"},
        {"word":"nip in the bud", "hint":"stop something before it gets worse"},
        {"word":"beyond the pale", "hint":"unacceptable"},
        {"word":"on the money", "hint":"being right about something"},
        {"word":"as thick as thieves", "hint":"secretive and close relationship"},
        {"word":"make a beeline for", "hint":"go straight for something"},
        {"word":"bone to pick", "hint":"have a complaint to discuss"},
        {"word":"from cradle to grave", "hint":"spanning a lifetime"},
        {"word":"cakewalk", "hint":"easily accomplished"},
        {"word":"hit the hay", "hint":"go to sleep"},
        {"word":"on the blink", "hint":"malfunctioning"},
        {"word":"blast from the past", "hint":"reminder of an earlier time"},
        {"word":"slap on the wrist", "hint":"mild warning or penalty"},
        {"word":"heart on your sleeve", "hint":"very open display of emotions"},
        {"word":"rock the boat", "hint":"make trouble"},
        {"word":"happy go lucky", "hint":"cheerful"},
        {"word":"spin a yarn", "hint":"tell a very long story"},
        {"word":"on cloud nine", "hint":"extremely happy"},
        {"word":"up in the air", "hint":"unsure, undecided"},
        {"word":"cold feet", "hint":"loss of courage"},
        {"word":"pass the buck", "hint":"give the blame to someone else"},
        {"word":"pipe dream", "hint":"impossible idea"},
        {"word":"kick the bucket", "hint":"to die"},
        {"word":"hit the roof", "hint":"experience sudden anger"}
    ],
    "Phobias":[
        {"word":"ablutophobia", "hint":"fear of bathing"},
        {"word":"achluophobia", "hint":"fear of darkness"},
        {"word":"acrophobia", "hint":"fear of heights"},
        {"word":"aerophobia", "hint":"fear of flying"},
        {"word":"agoraphobia", "hint":"fear of open spaces or crowds"},
        {"word":"aerophobia", "hint":"fear of flying"},
        {"word":"aichmophobia", "hint":"fear of fear of needles of pointed objects"},
        {"word":"androphobia", "hint":"fear of men"},
        {"word":"anthophobia", "hint":"fear of flowers"},
        {"word":"aphenphosmphobia", "hint":"fear of being touched"},
        {"word":"atelophobia", "hint":"fear of imperfection"},
        {"word":"autophobia", "hint":"fear of being alone"},
        {"word":"bibliophobia", "hint":"fear of books"},
        {"word":"barophobia", "hint":"fear of gravity"},
        {"word":"belonephobia", "hint":"fear of pins and needles"},
        {"word":"botanophobia", "hint":"fear of fear of plants"},
        {"word":"cacophobia", "hint":"fear of ugliness"},
        {"word":"catagelophobia", "hint":"fear of being ridiculed"},
        {"word":"catoptrophobia", "hint":"fear of mirrors"},
        {"word":"chionophobia", "hint":"fear of snow"},
        {"word":"chrometophobia", "hint":"fear of spending money"},
        {"word":"chronomentrophobia", "hint":"fear of clocks"},
        {"word":"cibophobia", "hint":"fear of food"},
        {"word":"climacophobia", "hint":"fear of climbing"},
        {"word":"coulrophobia", "hint":"fear of clowns"},
        {"word":"decidophobia", "hint":"fear of making decisions"},
        {"word":"dendrophobia", "hint":"fear of trees"},
        {"word":"dentophobia", "hint":"fear of dentists"},
        {"word":"domatophobia", "hint":"fear of houses"},
        {"word":"dystychiphobia", "hint":"fear of accidents"},
        {"word":"ecophobia", "hint":"fear of the home"},
        {"word":"elurophobia", "hint":"fear of cats"},
        {"word":"ephebiphobia", "hint":"fear of teenagers"},
        {"word":"gamophobia", "hint":"fear of marriage"},
        {"word":"glossophobia", "hint":"fear of speaking in public"},
        {"word":"haphephobia", "hint":"fear of touch"},
        {"word":"heliophobia", "hint":"fear of the sun"},
        {"word":"hippopotomonstrosesquippedaliophobia", "hint":"fear of long words"},
        {"word":"Koinoniphobia", "hint":"fear of rooms"},
        {"word":"leukophobia", "hint":"fear of the colour white"},
        {"word":"mageirocophobia", "hint":"fear of cooking"},
        {"word":"megalophobia", "hint":"fear of large things"},
        {"word":"mysophobia", "hint":"fear of dirt and germs"},
        {"word":"nyctophobia", "hint":"fear of the dark"},
        {"word":"nomophobia", "hint":"fear of being without your mobile phone"},
        {"word":"ombrophobia", "hint":"fear of rain"},
        {"word":"ornithophobia", "hint":"fear of birds"},
        {"word":"osmophobia", "hint":"fear of fear of smells"},
        {"word":"papyrophobia", "hint":"fear of paper"},
        {"word":"philematophobia", "hint":"fear of kissing"},
        {"word":"philophobia", "hint":"fear of kissing"},
        {"word":"phobophobia", "hint":"fear of phobias"},
        {"word":"pyrophobia", "hint":"fear of fire"},
        {"word":"scolionophobia", "hint":"fear of school"},
        {"word":"scoptophobia", "hint":"fear of being stared at"},
        {"word":"somniphobia", "hint":"fear of sleep"},
        {"word":"thalassophobia", "hint":"fear of the ocean"},
        {"word":"trichophobia", "hint":"fear of hair"},
        {"word":"tonitrophobia", "hint":"fear of thunder"},
        {"word":"venustraphobia", "hint":"fear of beautiful women"},
        {"word":"xenophobia", "hint":"fear of strangers or foreigners"},
        {"word":"zuigerphobia", "hint":"fear of vacuum cleaners"}
    ],
    "Latin":[
        {"word":"Homo Sapiens", "hint":"human"},
        {"word":"Canis Lupus", "hint":"wolf"},
        {"word":"Panthera Leo", "hint":"lion"},
        {"word":"Achatinoidea", "hint":"snail"},
        {"word":"Actias luna", "hint":"moth"},
        {"word":"ante meridiem", "hint":"before noon"},
        {"word":"ante bellum", "hint":"before the war"},
        {"word":"brevis", "hint":"short or brief"},
        {"word":"comminus", "hint":"in close combat"},
        {"word":"electus", "hint":"chosen"},
        {"word":"gravatus", "hint":"sick or ill"},
        {"word":"hodiernus", "hint":"of today"},
        {"word":"idoneus", "hint":"proper, fitting, capable"},
        {"word":"ignarus", "hint":"ignorant"},
        {"word":"immortalis", "hint":"immortal"},
        {"word":"basium", "hint":"kiss"},
        {"word":"caelum", "hint":"sky, heaven"},
        {"word":"calamitas", "hint":"disaster"},
        {"word":"carmen", "hint":"poem, song"},
        {"word":"ecclesia", "hint":"church"},
        {"word":"episcopus", "hint":"bishop"},
        {"word":"gaudium", "hint":"joy, happiness, delight"},
        {"word":"gravitas", "hint":"weight, importance"},
        {"word":"ictus", "hint":"blow, bite, thrust"},
        {"word":"ignus", "hint":"fire"},
        {"word":"juvenis", "hint":"youth"},
        {"word":"ludus", "hint":"game, sport"},
        {"word":"materia", "hint":"matter"},
        {"word":"monachus", "hint":"monk"},
        {"word":"placitum", "hint":"judgment, case, plea"},
        {"word":"ploratus", "hint":"weeping, lamenting"},
        {"word":"sapientia", "hint":"wisdom"},
        {"word":"sermo", "hint":"discussion, talk"},
        {"word":"tabellae", "hint":"letter, document"},
        {"word":"vestigium", "hint":"footstep, trace, mark"},
        {"word":"voluptias", "hint":"pleasure"},
        {"word":"siphias", "hint":"swordfish"},
        {"word":"monticellus", "hint":"mountain"},
        {"word":"nidulus", "hint":"nest"},
        {"word":"fulminare", "hint":"flash with thunderbolts"},
        {"word":"imber", "hint":"rainshower"},
        {"word":"apricus", "hint":"full of sunlight"},
        {"word":"crepusculum", "hint":"twilight"},
        {"word":"susurrus", "hint":"to whisper"},
        {"word":"meliora", "hint":"things continuing to improve"},
        {"word":"umbra", "hint":"shadows"},
        {"word":"adamo", "hint":"to fall in love with"},
        {"word":"invicta", "hint":"unconquered"},
        {"word":"tabula rasa", "hint":"blank slate"},
        {"word":"verecundia", "hint":"shame, bashfulness"},
        {"word":"nichilominus", "hint":"nevertheless"},
        {"word":"luctisonus", "hint":"mournful, sad-sounding"},
        {"word":"dulcedo", "hint":"sweetness, charm"},
        {"word":"veni vidi vici", "hint":"I came, I saw, I conquered"}
    ],
    "Geography":[
        {"word":"Tirana", "hint":"Tirana"},
        {"word":"Vienna", "hint":"Austria"},
        {"word":"Minsk", "hint":"Belarus"},
        {"word":"Sofia", "hint":"Bulgaria"},
        {"word":"Zagreb", "hint":"Croatia"},
        {"word":"Prague", "hint":"Czechia"},
        {"word":"Copenhagen", "hint":"Denmark"},
        {"word":"Helsinki", "hint":"Finland"},
        {"word":"Paris", "hint":"France"},
        {"word":"Berlin", "hint":"Germany"},
        {"word":"Athens", "hint":"Greece"},
        {"word":"Budapest", "hint":"Hungary"},
        {"word":"Reykjavik", "hint":"Iceland"},
        {"word":"Dublin", "hint":"Ireland"},
        {"word":"Rome", "hint":"Italy"},
        {"word":"Pristina", "hint":"Kosovo"},
        {"word":"Riga", "hint":"Latvia"},
        {"word":"Vilnius", "hint":"Lithuania"},
        {"word":"Valletta", "hint":"Malta"},
        {"word":"Chisinau", "hint":"Moldova"},
        {"word":"Podgorica", "hint":"Montenegro"},
        {"word":"Amsterdam", "hint":"Netherlands"},
        {"word":"Oslo", "hint":"Norway"},
        {"word":"Warsaw", "hint":"Poland"},
        {"word":"Bucharest", "hint":"Romania"},
        {"word":"Moscow", "hint":"Russia"},
        {"word":"Belgrade", "hint":"Serbia"},
        {"word":"Bratislava", "hint":"Slovakia"},
        {"word":"Ljubljana", "hint":"Slovenia"},
        {"word":"Madrid", "hint":"Spain"},
        {"word":"Stockholm", "hint":"Sweden"},
        {"word":"Bern", "hint":"Switzerland"},
        {"word":"Kyiv", "hint":"Ukraine"},
        {"word":"London", "hint":"United Kingdom"},
        {"word":"Buenos Aires", "hint":"Argentina"},
        {"word":"Oranjestad", "hint":"Aruba"},
        {"word":"Nassau", "hint":"Bahamas"},
        {"word":"Bridgetown", "hint":"Barbados"},
        {"word":"Sucre", "hint":"Bolivia"},
        {"word":"Ottawa", "hint":"Canada"},
        {"word":"Santiago", "hint":"Chile"},
        {"word":"Bogota", "hint":"Colombia"},
        {"word":"Havana", "hint":"Cuba"},
        {"word":"Santo Domingo", "hint":"Dominican Republic"},
        {"word":"Quito", "hint":"Ecuador"},
        {"word":"Nuuk", "hint":"Greenland"},
        {"word":"Georgetown", "hint":"Guyana"},
        {"word":"Tegucigalpa", "hint":"Honduras"},
        {"word":"Kingston", "hint":"Jamaica"},
        {"word":"Brades", "hint":"Montserrat"},
        {"word":"Lima", "hint":"Peru"},
        {"word":"Paramibo", "hint":"Suriname"},
        {"word":"Montevideo", "hint":"Uruguay"},
        {"word":"Caracas", "hint":"Venezuela"},
        {"word":"Kabul", "hint":"Afghanistan"},
        {"word":"Yerevan", "hint":"Armenia"},
        {"word":"Baku", "hint":"Azerbaijan"},
        {"word":"Manama", "hint":"Bahrain"},
        {"word":"Dhaka", "hint":"Bangladesh"},
        {"word":"Thimphu", "hint":"Bhutan"},
        {"word":"Phnom Penh", "hint":"Cambodia"},
        {"word":"Beijing", "hint":"China"},
        {"word":"Tbilisi", "hint":"Georgia"},
        {"word":"New Delhi", "hint":"India"},
        {"word":"Jakarta", "hint":"Indonesia"},
        {"word":"Tehran", "hint":"Iran"},
        {"word":"Baghdad", "hint":"Iraq"},
        {"word":"Jerusalem", "hint":"Israel"},
        {"word":"Tokyo", "hint":"Japan"},
        {"word":"Amman", "hint":"Jordan"},
        {"word":"Nursultan", "hint":"Kazahkstan"},
        {"word":"Bishkek", "hint":"Kyrgyzstan"},
        {"word":"Vientiane", "hint":"Laos"},
        {"word":"Beirut", "hint":"Lebanon"},
        {"word":"Kuala Lumpur", "hint":"Malaysia"},
        {"word":"Ulaanbaatar", "hint":"Mongolia"},
        {"word":"Kathmandu", "hint":"Nepal"},
        {"word":"Pyongyang", "hint":"North Korea"},
        {"word":"Islamabad", "hint":"Pakistan"},
        {"word":"Ramallah", "hint":"Palestine"},
        {"word":"Manila", "hint":"Philippines"},
        {"word":"Doha", "hint":"Qatar"},
        {"word":"Riyadh", "hint":"Saudi Arabia"},
        {"word":"Seoul", "hint":"South Korea"},
        {"word":"Damascus", "hint":"Syria"},
        {"word":"Taipei", "hint":"Taiwan"},
        {"word":"Ankara", "hint":"Turkey"},
        {"word":"Abu Dhabi", "hint":"United Arab Emirates"},
        {"word":"Ashgabat", "hint":"Turkmenistan"},
        {"word":"Hanoi", "hint":"Vietnam"},
        {"word":"Sanaa", "hint":"Yemen"},
        {"word":"Canberra", "hint":"Autsralia"},
        {"word":"Wellington", "hint":"New Zealand"},
        {"word":"Angkor Wat", "hint":"temple"},
        {"word":"Eiffel Tower", "hint":"in Paris"},
        {"word":"Taj Mahal", "hint":"in India"},
        {"word":"Burj Khalifa", "hint":"tallest building"},
        {"word":"Macchu Picchu", "hint":"Incan citadel"},
        {"word":"Acropolis", "hint":"Greek historical site"},
        {"word":"Easter Island", "hint":"Stone statues"},
        {"word":"Tower of Pisa", "hint":"Italian tower"},
        {"word":"Pyramids", "hint":"Egyptian wonder"},
        {"word":"Colosseum", "hint":"Amphitheatre"},
        {"word":"Stonehenge", "hint":"Neolithic monument"}
    ],
    "Art":[
        {"word":"abstract", "hint":"not representational of reality"},
        {"word":"appropriation", "hint":"intentional copying"},
        {"word":"baroque", "hint":"extravagant art style in 18th Century Europe"},
        {"word":"Bauhaus", "hint":"German art school"},
        {"word":"Calligraphy", "hint":"decorative writing"},
        {"word":"ceramics", "hint":"clay"},
        {"word":"Classicism", "hint":"ancient Greek and Roman art principles"},
        {"word":"impasto", "hint":"painting technique involving thick layers"},
        {"word":"gouache", "hint":"Painting medium"},
        {"word":"hatching", "hint":"shading with lines"},
        {"word":"chiaroscuro", "hint":"painting technique"},
        {"word":"fresco", "hint":"Italian renaissance painting"},
        {"word":"sfumato", "hint":"painting technique"},
        {"word":"contrapposto", "hint":"asymmetrical posture"},
        {"word":"pentimento", "hint":"painting over painting"},
        {"word":"Jackson Pollock", "hint":"abstract expressionist"},
        {"word":"constructivism", "hint":"Russian avant-garde movement"},
        {"word":"Cubism", "hint":"geometric planes"},
        {"word":"Dadaism", "hint":"protest movement"},
        {"word":"expressionism", "hint":"emotional experience over reality"},
        {"word":"fauvism", "hint":"wild beasts"},
        {"word":"futurism", "hint":"dynamism, speed, energy"},
        {"word":"impressionism", "hint":"movement and the changing qualities of light"},
        {"word":"minimalism", "hint":"simple art"},
        {"word":"neoclassicism", "hint":"inspired by ancient Greek and Roman art and culture"},
        {"word":"watercolour", "hint":"Painting medium"},
        {"word":"claude monet", "hint":"Impressionist, French painter"},
        {"word":"meules", "hint":"A painting by Claude Monet"},
        {"word":"rhythm", "hint":"A principle of art"},
        {"word":"plein air", "hint":"Act of painting outdoors"},
        {"word":"vincent van gogh", "hint":"The Starry Night"},
        {"word":"acrylic", "hint":"Painting medium"},
        {"word":"digital art", "hint":"Technology"},
        {"word":"romanticism", "hint":"Artistic movement that peaked between 1800 and 1850"},
        {"word":"maud lewis", "hint":"Canadian folk artist from Nova Scotia"},
        {"word":"charcoal", "hint":"A dry art medium"},
        {"word":"art deco", "hint":"Rich colours and bold geometry"},
        {"word":"wet on wet", "hint":"Watercolour technique"},
        {"word":"frida kahlo", "hint":"Surrealist, Mexican painter"},
        {"word":"surrealism", "hint":"Artistic movement about the unconscious mind"},
        {"word":"art nouveau", "hint":"Style based on dynamic curves inspired by nature"},
        {"word":"palette", "hint":"tool that traditional painters use to mix colours"},
        {"word":"monochrome", "hint":"involving one colour"},
        {"word":"foreshortening", "hint":"technique used to put the human body in perspective"},
        {"word":"orange", "hint":"The complementary colour of blue"}
    ]
}